cast_id	cast_name
nm0000068	Randolph Scott
nm0000092	John Cleese
nm0000093	Brad Pitt
nm0000100	Rowan Atkinson
nm0000101	Dan Aykroyd
nm0000102	Kevin Bacon
nm0000104	Antonio Banderas
nm0000110	Kenneth Branagh
nm0000111	Matthew Broderick
nm0000112	Pierce Brosnan
nm0000114	Steve Buscemi
nm0000115	Nicolas Cage
nm0000123	George Clooney
nm0000126	Kevin Costner
nm0000128	Russell Crowe
nm0000129	Tom Cruise
nm0000131	John Cusack
nm0000134	Robert De Niro
nm0000136	Johnny Depp
nm0000138	Leonardo DiCaprio
nm0000140	Michael Douglas
nm0000142	Clint Eastwood
nm0000144	Cary Elwes
nm0000146	Ralph Fiennes
nm0000147	Colin Firth
nm0000148	Harrison Ford
nm0000151	Morgan Freeman
nm0000152	Richard Gere
nm0000154	Mel Gibson
nm0000156	Jeff Goldblum
nm0000158	Tom Hanks
nm0000160	Ethan Hawke
nm0000163	Dustin Hoffman
nm0000164	Anthony Hopkins
nm0000168	Samuel L. Jackson
nm0000169	Tommy Lee Jones
nm0000172	Harvey Keitel
nm0000174	Val Kilmer
nm0000175	Stephen King
nm0000177	Kevin Kline
nm0000179	Jude Law
nm0000185	Dolph Lundgren
nm0000186	David Lynch
nm0000188	Steve Martin
nm0000190	Matthew McConaughey
nm0000191	Ewan McGregor
nm0000196	Mike Myers
nm0000198	Gary Oldman
nm0000199	Al Pacino
nm0000200	Bill Paxton
nm0000202	Ryan Phillippe
nm0000206	Keanu Reeves
nm0000209	Tim Robbins
nm0000216	Arnold Schwarzenegger
nm0000219	Steven Seagal
nm0000221	Charlie Sheen
nm0000225	Christian Slater
nm0000226	Will Smith
nm0000228	Kevin Spacey
nm0000240	Skeet Ulrich
nm0000241	Jean-Claude Van Damme
nm0000242	Mark Wahlberg
nm0000243	Denzel Washington
nm0000246	Bruce Willis
nm0000249	James Woods
nm0000255	Ben Affleck
nm0000273	Alan Arkin
nm0000274	David Arquette
nm0000276	Sean Astin
nm0000279	Hank Azaria
nm0000284	Adam Baldwin
nm0000285	Alec Baldwin
nm0000286	Stephen Baldwin
nm0000287	William Baldwin
nm0000293	Sean Bean
nm0000296	Robert Beltran
nm0000297	Tom Berenger
nm0000299	Michael Biehn
nm0000305	Mel Blanc
nm0000306	Brian Blessed
nm0000308	Ernest Borgnine
nm0000309	David Bowie
nm0000310	Bruce Boxleitner
nm0000313	Jeff Bridges
nm0000314	Charles Bronson
nm0000316	Mel Brooks
nm0000317	Clancy Brown
nm0000321	Gabriel Byrne
nm0000323	Michael Caine
nm0000329	Jackie Chan
nm0000331	Chevy Chase
nm0000332	Don Cheadle
nm0000338	Francis Ford Coppola
nm0000342	James Cromwell
nm0000343	David Cronenberg
nm0000345	Billy Crystal
nm0000346	Macaulay Culkin
nm0000352	Vincent D'Onofrio
nm0000353	Willem Dafoe
nm0000354	Matt Damon
nm0000355	Anthony Daniels
nm0000358	Daniel Day-Lewis
nm0000362	Danny DeVito
nm0000367	Gérard Depardieu
nm0000369	Matt Dillon
nm0000373	Michael Dorn
nm0000374	Brad Dourif
nm0000375	Robert Downey Jr.
nm0000381	Anthony Edwards
nm0000385	Sam Elliott
nm0000387	Robert Englund
nm0000389	Emilio Estevez
nm0000391	Rupert Everett
nm0000401	Laurence Fishburne
nm0000408	Jonathan Frakes
nm0000410	Stephen Fry
nm0000411	Edward Furlong
nm0000412	Andy Garcia
nm0000416	Terry Gilliam
nm0000417	Crispin Glover
nm0000418	Danny Glover
nm0000422	John Goodman
nm0000424	Hugh Grant
nm0000425	Peter Greenaway
nm0000430	Steve Guttenberg
nm0000432	Gene Hackman
nm0000434	Mark Hamill
nm0000437	Woody Harrelson
nm0000438	Ed Harris
nm0000439	Neil Patrick Harris
nm0000442	Rutger Hauer
nm0000448	Lance Henriksen
nm0000453	Ian Holm
nm0000457	John Hurt
nm0000459	Timothy Hutton
nm0000460	Jeremy Irons
nm0000461	Michael Ironside
nm0000465	Ron Jeremy
nm0000466	Jean-Pierre Jeunet
nm0000467	Don Johnson
nm0000474	Michael Keaton
nm0000479	Walter Koenig
nm0000483	Christopher Lambert
nm0000491	John Leguizamo
nm0000498	Matthew Lillard
nm0000501	Ray Liotta
nm0000502	Christopher Lloyd
nm0000507	Rob Lowe
nm0000513	William H. Macy
nm0000514	Michael Madsen
nm0000516	Lee Majors
nm0000518	John Malkovich
nm0000532	Malcolm McDowell
nm0000538	Colm Meaney
nm0000546	Matthew Modine
nm0000547	Alfred Molina
nm0000551	Dermot Mulroney
nm0000553	Liam Neeson
nm0000554	Sam Neill
nm0000555	Judd Nelson
nm0000560	Nick Nolte
nm0000561	Peter North
nm0000562	Jeremy Northam
nm0000563	Chris O'Donnell
nm0000574	Jason Patric
nm0000576	Sean Penn
nm0000579	Ron Perlman
nm0000585	Robert Picardo
nm0000594	Jason Priestley
nm0000596	Jonathan Pryce
nm0000597	Bill Pullman
nm0000598	Dennis Quaid
nm0000602	Robert Redford
nm0000604	John C. Reilly
nm0000606	Jean Reno
nm0000607	Paul Reubens
nm0000608	Burt Reynolds
nm0000610	Giovanni Ribisi
nm0000615	John Ritter
nm0000616	Eric Roberts
nm0000619	Tim Roth
nm0000625	Fred Savage
nm0000628	Johnathon Schaech
nm0000630	Liev Schreiber
nm0000632	Jerry Seinfeld
nm0000633	Tom Selleck
nm0000638	William Shatner
nm0000640	Martin Sheen
nm0000641	Gary Sinise
nm0000643	Tom Skerritt
nm0000647	Alan Smithee
nm0000648	Wesley Snipes
nm0000649	Paul Sorvino
nm0000652	James Spader
nm0000653	Brent Spiner
nm0000654	Terence Stamp
nm0000655	Eric Stoltz
nm0000657	David Strathairn
nm0000661	Donald Sutherland
nm0000662	Kiefer Sutherland
nm0000665	D.B. Sweeney
nm0000667	David Thewlis
nm0000671	Billy Bob Thornton
nm0000680	Casper Van Dien
nm0000681	Vince Vaughn
nm0000685	Jon Voight
nm0000686	Christopher Walken
nm0000691	John Waters
nm0000693	Peter Weller
nm0000696	Wil Wheaton
nm0000699	Michael Wincott
nm0000704	Elijah Wood
nm0000708	Billy Zane
nm0000711	Rick Baker
nm0000714	Willie Aames
nm0000717	Kareem Abdul-Jabbar
nm0000719	F. Murray Abraham
nm0000728	Mario Adorf
nm0000729	Casey Affleck
nm0000732	Danny Aiello
nm0000741	Tim Allen
nm0000767	Jean-Hugues Anglade
nm0000792	Tom Arnold
nm0000796	Dana Ashbrook
nm0000798	Linden Ashby
nm0000799	Edward Asner
nm0000800	Armand Assante
nm0000809	Daniel Auteuil
nm0000821	Amitabh Bachchan
nm0000836	Scott Bakula
nm0000837	Bob Balaban
nm0000838	Daniel Baldwin
nm0000849	Javier Bardem
nm0000850	Clive Barker
nm0000852	Jean-Marc Barr
nm0000855	Raymond J. Barry
nm0000867	Jason Bateman
nm0000871	Randall Batinkoff
nm0000874	Steven Bauer
nm0000892	Jason Beghe
nm0000893	Ed Begley Jr.
nm0000902	Jim Belushi
nm0000903	Brian Benben
nm0000905	Roberto Benigni
nm0000908	David Bennent
nm0000920	Patrick Bergin
nm0000925	Steven Berkoff
nm0000929	Corbin Bernsen
nm0000934	Bernardo Bertolucci
nm0000937	Richard Beymer
nm0000953	Peter Bogdanovich
nm0000954	Jon Bon Jovi
nm0000960	Barry Bostwick
nm0000965	Danny Boyle
nm0000967	Eric Braeden
nm0000969	Lillo Brancato
nm0000972	Tinto Brass
nm0000973	Benjamin Bratt
nm0000977	Beau Bridges
nm0000979	Wilford Brimley
nm0000980	Jim Broadbent
nm0000981	James Brolin
nm0000982	Josh Brolin
nm0000986	Bryan Brown
nm0000998	Jake Busey
nm0001001	James Caan
nm0001002	Dean Cain
nm0001003	Simon Callow
nm0001004	Billy Campbell
nm0001015	Robert Carlyle
nm0001016	David Carradine
nm0001018	Keith Carradine
nm0001019	Robert Carradine
nm0001035	Ben Chaplin
nm0001038	Josh Charles
nm0001045	Tommy Chong
nm0001048	Andrew Dice Clay
nm0001051	Bill Clinton
nm0001062	Jeffrey Combs
nm0001074	Ronny Cox
nm0001075	Peter Coyote
nm0001082	Billy Crudup
nm0001083	Jon Cryer
nm0001084	Ice Cube
nm0001085	Kieran Culkin
nm0001086	Alan Cumming
nm0001089	Henry Czerny
nm0001092	Mark Dacascos
nm0001094	Roald Dahl
nm0001097	Charles Dance
nm0001099	Jeff Daniels
nm0001101	Ted Danson
nm0001102	Joe Dante
nm0001103	Tony Danza
nm0001108	Robert Davi
nm0001111	Jeremy Davies
nm0001117	Bruce Davison
nm0001128	Alain Delon
nm0001131	Patrick Dempsey
nm0001136	Bruce Dern
nm0001151	Stephen Dorff
nm0001155	Patrick Duffy
nm0001158	Keir Dullea
nm0001160	Adrian Dunbar
nm0001162	Griffin Dunne
nm0001163	Roy Dupuis
nm0001166	James Duval
nm0001172	Christopher Eccleston
nm0001185	Hector Elizondo
nm0001191	Adam Sandler
nm0001194	Jeff Fahey
nm0001200	Gary Farmer
nm0001208	Miguel Ferrer
nm0001209	William Fichtner
nm0001212	Joseph Fiennes
nm0001218	Sean Patrick Flanery
nm0001228	Peter Fonda
nm0001233	Robert Forster
nm0001235	William Forsythe
nm0001242	Matt Frewer
nm0001255	Victor Garber
nm0001262	Ben Gazzara
nm0001263	Jason Gedrick
nm0001277	Scott Glenn
nm0001278	John Glover
nm0001282	Tony Goldwyn
nm0001285	Elliott Gould
nm0001288	Kelsey Grammer
nm0001290	Richard E. Grant
nm0001291	Rupert Graves
nm0001293	Seth Green
nm0001295	Graham Greene
nm0001297	Joel Grey
nm0001298	Richard Grieco
nm0001301	Charles Grodin
nm0001305	Lukas Haas
nm0001309	Anthony Michael Hall
nm0001311	Philip Baker Hall
nm0001314	John Hannah
nm0001319	Mark Harmon
nm0001324	Ian Hart
nm0001326	Josh Hartnett
nm0001327	David Hasselhoff
nm0001334	John Heard
nm0001348	Werner Herzog
nm0001356	Hulk Hogan
nm0001358	Hal Holbrook
nm0001367	C. Thomas Howell
nm0001368	Ernie Hudson
nm0001384	Ice-T
nm0001409	Tchéky Karyo
nm0001411	William Katt
nm0001424	Udo Kier
nm0001426	Ben Kingsley
nm0001427	Greg Kinnear
nm0001429	Takeshi Kitano
nm0001434	Kris Kristofferson
nm0001439	Anthony LaPaglia
nm0001444	Lorenzo Lamas
nm0001445	Martin Landau
nm0001447	Nathan Lane
nm0001455	Matt LeBlanc
nm0001467	Jared Leto
nm0001474	Tommy 'Tiny' Lister
nm0001475	John Lithgow
nm0001484	Jon Lovitz
nm0001492	Kyle MacLachlan
nm0001494	Ralph Macchio
nm0001504	Marilyn Manson
nm0001505	Joe Mantegna
nm0001507	Cheech Marin
nm0001513	Tim Matheson
nm0001518	Dylan McDermott
nm0001520	Christopher McDonald
nm0001524	Paul McGann
nm0001525	John C. McGinley
nm0001528	Don McKellar
nm0001530	William McNamara
nm0001533	Meat Loaf
nm0001538	Jonny Lee Miller
nm0001553	Ennio Morricone
nm0001554	Errol Morris
nm0001555	Rob Morrow
nm0001556	David Morse
nm0001570	Edward Norton
nm0001579	Edward James Olmos
nm0001590	Chazz Palminteri
nm0001592	Joe Pantoliano
nm0001595	Michael Paré
nm0001598	Robert Patrick
nm0001599	Will Patton
nm0001600	Adrian Paul
nm0001602	Guy Pearce
nm0001608	Barry Pepper
nm0001612	Matthew Perry
nm0001616	Mekhi Phifer
nm0001617	Lou Diamond Phillips
nm0001618	Joaquin Phoenix
nm0001621	Bronson Pinchot
nm0001626	Christopher Plummer
nm0001629	Kevin Pollak
nm0001638	Jürgen Prochnow
nm0001641	Vincent Perez
nm0001644	Aidan Quinn
nm0001646	Ted Raimi
nm0001650	Michael Rapaport
nm0001661	Rob Reiner
nm0001662	Judge Reinhold
nm0001663	Paul Reiser
nm0001664	James Remar
nm0001667	Jonathan Rhys Meyers
nm0001674	Chris Rock
nm0001691	Geoffrey Rush
nm0001696	Julian Sands
nm0001697	Chris Sarandon
nm0001698	John Savage
nm0001701	Devon Sawa
nm0001705	Rob Schneider
nm0001714	Campbell Scott
nm0001717	Kyle Secor
nm0001720	Ivan Sergei
nm0001724	Tony Shalhoub
nm0001729	Craig Sheffer
nm0001731	Sam Shepard
nm0001734	Armin Shimerman
nm0001736	Pauly Shore
nm0001737	Martin Short
nm0001738	Jonathan Silverman
nm0001744	Tom Sizemore
nm0001745	Stellan Skarsgård
nm0001748	Kurtwood Smith
nm0001751	Jimmy Smits
nm0001757	Kevin Sorbo
nm0001758	Timothy Spall
nm0001761	Jerry Springer
nm0001765	Harry Dean Stanton
nm0001772	Patrick Stewart
nm0001773	David Ogden Stiers
nm0001774	Ben Stiller
nm0001776	Sting
nm0001778	Matt Stone
nm0001780	Peter Stormare
nm0001786	George Takei
nm0001787	Jeffrey Tambor
nm0001803	Danny Trejo
nm0001804	Stanley Tucci
nm0001806	John Turturro
nm0001813	Dick Van Dyke
nm0001814	Gus Van Sant
nm0001816	Robert Vaughn
nm0001832	Sam Waterston
nm0001834	Damon Wayans
nm0001835	Carl Weathers
nm0001836	Steven Weber
nm0001841	George Wendt
nm0001842	Adam West
nm0001845	Forest Whitaker
nm0001850	Billy Dee Williams
nm0001852	Treat Williams
nm0001855	Thomas F. Wilson
nm0001857	Henry Winkler
nm0001864	Noah Wyle
nm0001872	Steve Zahn
nm0001877	Hans Zimmer
nm0001898	Bryan Adams
nm0001934	Kabir Bedi
nm0001938	Richard Belzer
nm0001939	Maurice Benard
nm0001950	Steve Bisley
nm0001953	Moritz Bleibtreu
nm0001963	Jesse Borrego
nm0001970	Klaus Maria Brandauer
nm0001971	Ewen Bremner
nm0001993	Vincent Cassel
nm0002002	Shin'ichi Chiba
nm0002010	Christian Clavier
nm0002015	Phil Collins
nm0002023	Matt Craven
nm0002027	Ben Cross
nm0002048	Melvyn Douglas
nm0002057	Richard Edson
nm0002064	Giancarlo Esposito
nm0002071	Will Ferrell
nm0002073	Lou Ferrigno
nm0002076	Jason Flemyng
nm0002077	Dexter Fletcher
nm0002081	Edward Fox
nm0002090	Zach Galligan
nm0002091	Michael Gambon
nm0002103	Julian Glover
nm0002122	Harry Hamlin
nm0002129	Gregory Harrison
nm0002139	Judd Hirsch
nm0002181	Imanol Arias
nm0002230	Carlos Gallardo
nm0002235	Mike Hagerty
nm0002243	Sam Douglas
nm0002245	Tzi Ma
nm0002246	Harry Van Gorkum
nm0002253	John Carroll Lynch
nm0002311	Montagu Love
nm0002326	Al Sapienza
nm0002332	Stephen Lang
nm0002350	Jim Meskimen
nm0002364	Dante Basco
nm0002365	Dion Basco
nm0002396	Scott Shaw
nm0002438	Burnie Burns
nm0002518	Ryan Koch
nm0002592	David Fickas
nm0002604	Robert Blanche
nm0002756	Cal Johnson
nm0002776	Johnny Hallyday
nm0002800	Scott Levy
nm0002857	Michael Kearns
nm0002864	Michael Markowitz
nm0002888	Stephen Blackehart
nm0002907	Alexander Skarsgård
nm0002942	Verton R. Banks
nm0002944	Michael Boisvert
nm0003003	Ron Gilbert
nm0003067	Sebastian Roché
nm0003078	Roger Cross
nm0003082	Bailey Chase
nm0003133	Jean-Christophe Bouvet
nm0003210	C. Ernst Harth
nm0003211	Joe Hackett
nm0003214	Matthew Wood
nm0003244	Jordi Mollà
nm0003249	Kristofor Brown
nm0003320	Michael Albala
nm0003383	John Serpe
nm0003492	Heinrich Schafmeister
nm0003596	Barry Papick
nm0003626	Charlie Condou
nm0003688	Otakar Brousek
nm0003784	Joe Grisaffi
nm0003818	Nick Brimble
nm0003848	Charles-André Bertrand
nm0003859	Owen Brenman
nm0003860	David Caprita
nm0003861	David Jensen
nm0003900	José Luis Alcaine
nm0003909	Michael Lonsdale
nm0003928	Bob Clendenin
nm0003929	Neill Gorton
nm0003944	Ian James Corlett
nm0003952	Adam Howard
nm0003979	Daniel Schweiger
nm0003996	Butch McCain
nm0004005	Marklen Kennedy
nm0004028	Daniel Bacon
nm0004030	John Karyus
nm0004051	Brian Cox
nm0004067	Russell Yuen
nm0004082	Geoff Marslett
nm0004109	Gulshan Grover
nm0004138	Vince Corazza
nm0004147	Mikko Nousiainen
nm0004192	Kenny Hotz
nm0004198	David Acord
nm0004236	Ângelo Antônio
nm0004250	Quentin Lee
nm0004258	Pino Ammendola
nm0004259	André Kaminski
nm0004286	Clifton Collins Jr.
nm0004328	Lawrence R. Leritz
nm0004335	Hrithik Roshan
nm0004355	Roger Ashton-Griffiths
nm0004357	Michael Roberds
nm0004365	Fred Williamson
nm0004371	Robert David Hall
nm0004380	Antoine de Caunes
nm0004395	Adam Scott
nm0004429	Dharmendra
nm0004462	Jean-Louis Trintignant
nm0004469	Srinivasa Rao Kota
nm0004471	Subhalekha Sudhakar
nm0004486	Bruno Ganz
nm0004517	Jason Alexander
nm0004569	Sanjay Dutt
nm0004639	Marc Forget
nm0004645	Antonio Sabato Jr.
nm0004657	Rocco Salata
nm0004692	Mark Addy
nm0004706	Louie Anderson
nm0004711	Marc Anthony
nm0004715	Will Arnett
nm0004725	Charles Barkley
nm0004726	Lance Bass
nm0004729	Michael Beach
nm0004735	James Van Der Beek
nm0004743	Gil Bellows
nm0004745	Paulo Benedeti
nm0004755	Jason Biggs
nm0004765	Andrea Bocelli
nm0004769	Pat Boone
nm0004770	David Boreanaz
nm0004775	Todd Bridges
nm0004778	Adrien Brody
nm0004790	Scott Caan
nm0004801	Nestor Carbonell
nm0004809	Aaron Carter
nm0004820	Morris Chestnut
nm0004821	Michael Chiklis
nm0004827	Eddie Cibrian
nm0004835	Sean 'Diddy' Combs
nm0004839	Coolio
nm0004840	Alice Cooper
nm0004841	Stewart Copeland
nm0004845	Elvis Costello
nm0004854	Billy Ray Cyrus
nm0004856	Carson Daly
nm0004857	Tim Daly
nm0004872	Don Diamont
nm0004873	Andy Dick
nm0004874	Vin Diesel
nm0004875	Taye Diggs
nm0004878	Kevin Dobson
nm0004879	Snoop Dogg
nm0004880	Micky Dolenz
nm0004883	Tate Donovan
nm0004889	Jermaine Dupri
nm0004891	John Dye
nm0004895	David James Elliott
nm0004897	John Enos III
nm0004906	Peter Facinelli
nm0004909	Joey Fatone
nm0004910	David Faustino
nm0004912	Oded Fehr
nm0004913	José Feliciano
nm0004929	Dave Foley
nm0004930	Scott Foley
nm0004937	Jamie Foxx
nm0004949	Troy Garity
nm0004951	Brad Garrett
nm0004955	Galen Gering
nm0004961	Vince Gill
nm0004964	Dale Godboldo
nm0004965	Adam Goldberg
nm0004966	Bill Goldberg
nm0004971	Mark-Paul Gosselaar
nm0004977	Brian Austin Green
nm0004978	Adrian Grenier
nm0004979	David Alan Grier
nm0004985	Edd Hall
nm0004987	Kirk Hammett
nm0004988	Colin Hanks
nm0004991	Hill Harper
nm0004999	Shawn Hatosy
nm0005003	Sean Hayes
nm0005018	Evander Holyfield
nm0005023	Djimon Hounsou
nm0005024	Terrence Howard
nm0005030	Jon Huertas
nm0005033	Sammo Kam-Bo Hung
nm0005040	Enrique Iglesias
nm0005042	Jason Isaacs
nm0005043	Ray J
nm0005044	Jonathan Jackson
nm0005045	Joshua Jackson
nm0005048	Thomas Jane
nm0005055	Billy Joel
nm0005056	Elton John
nm0005059	Magic Johnson
nm0005065	Quincy Jones
nm0005068	Vinnie Jones
nm0005077	James Keach
nm0005078	Stacy Keach
nm0005079	Josh Keaton
nm0005080	Andrew Keegan
nm0005085	Jamie Kennedy
nm0005092	Larry King
nm0005095	Justin Kirk
nm0005100	Jordan Knight
nm0005101	Harmony Korine
nm0005110	Ashton Kutcher
nm0005119	Artie Lange
nm0005120	Wallace Langham
nm0005129	Joey Lawrence
nm0005134	Jason Lee
nm0005143	Jay Leno
nm0005148	Delroy Lindo
nm0005151	Jonathan Lipnicki
nm0005163	Greg Louganis
nm0005164	Lyle Lovett
nm0005171	Angus Macfadyen
nm0005172	Norm MacDonald
nm0005188	James Marsden
nm0005189	Jason Marsden
nm0005194	Danny Masterson
nm0005202	Eric McCormack
nm0005210	Tim McGraw
nm0005212	Ian McKellen
nm0005213	Brian McKnight
nm0005218	Tim Meadows
nm0005221	Christopher Meloni
nm0005227	Breckin Meyer
nm0005231	Dash Mihok
nm0005235	Judson Mills
nm0005239	Kel Mitchell
nm0005240	Moby
nm0005245	Shemar Moore
nm0005254	Tahj Mowry
nm0005258	Patrick Muldoon
nm0005265	Kevin Nealon
nm0005266	Craig T. Nelson
nm0005269	Corin Nemec
nm0005272	Thomas Ian Nicholas
nm0005273	Alessandro Nivola
nm0005277	Conan O'Brien
nm0005278	Jerry O'Connell
nm0005285	Ozzy Osbourne
nm0005286	Haley Joel Osment
nm0005290	Master P
nm0005295	Trey Parker
nm0005315	Jeremy Piven
nm0005317	Carlos Ponce
nm0005327	Freddie Prinze Jr.
nm0005332	Ingo Rademacher
nm0005342	Norman Reedus
nm0005348	Carl Reiner
nm0005350	Simon Rex
nm0005351	Ryan Reynolds
nm0005376	Kid Rock
nm0005377	Sam Rockwell
nm0005379	Dennis Rodman
nm0005380	Ray Romano
nm0005399	Ben Savage
nm0005402	Travis Schuldt
nm0005403	Jason Schwartzman
nm0005405	Seann William Scott
nm0005424	Grant Show
nm0005430	Gene Simmons
nm0005435	Sinbad
nm0005436	John Singleton
nm0005438	Jeremy Sisto
nm0005449	José Solano
nm0005450	David Spade
nm0005454	Scott Speedman
nm0005458	Jason Statham
nm0005467	Jerry Stiller
nm0005478	Larenz Tate
nm0005484	Alan Thicke
nm0005488	Scott 'Carrot Top' Thompson
nm0005493	Justin Timberlake
nm0005512	Mike Tyson
nm0005518	Steve Vai
nm0005519	Wilmer Valderrama
nm0005522	Mario Van Peebles
nm0005524	Courtney B. Vance
nm0005525	Mark Vanderloo
nm0005531	Donnie Wahlberg
nm0005537	Don Was
nm0005538	Barry Watson
nm0005541	Marlon Wayans
nm0005543	Victor Webster
nm0005556	Jason Wiles
nm0005558	Harland Williams
nm0005560	Robbie Williams
nm0005562	Owen Wilson
nm0005566	Steve Winwood
nm0005568	Russell Wong
nm0005575	Ian Ziering
nm0005581	David L. Lander
nm0005599	Jérémie Elkaïm
nm0005606	Maurice LaMarche
nm0005972	Simon Boswell
nm0005975	Goran Bregovic
nm0006182	Anu Malik
nm0006190	Brian May
nm0006205	Mark Mothersbaugh
nm0006246	A.R. Rahman
nm0006319	Mikis Theodorakis
nm0006355	Roy Billing
nm0006406	Richard Halpern
nm0006441	Dick Warlock
nm0006487	Jim Sheridan
nm0006488	Brian Palermo
nm0006511	David LeReaney
nm0006555	Rodrigo García
nm0006556	Dietrich Siegl
nm0006563	Iggy Pop
nm0006607	Cort McCown
nm0006610	Donal Logue
nm0006618	Torben Liebrecht
nm0006619	Mark Dillen Stitham
nm0006620	Jean-Pierre Mocky
nm0006670	Paul F. Tompkins
nm0006683	Vince Jolivette
nm0006712	Crispian Belfrage
nm0006718	David Fine
nm0006737	Hark Bohm
nm0006740	Uwe Bohm
nm0006763	Jackie Shroff
nm0006774	Joshua Sinclair
nm0006781	Harry Baer
nm0006795	Salman Khan
nm0006801	Antoine Monot Jr.
nm0006820	Aleks Paunovic
nm0006843	Ron Smith
nm0006878	Michael B. Silver
nm0006888	Tom Noonan
nm0006939	Richard Berry
nm0006956	Jesse Vint
nm0006958	Jonathan Tucker
nm0006987	Jsu Garcia
nm0007028	Jeffrey Gurian
nm0007037	John Bailey
nm0007064	Steven Zirnkilton
nm0007069	Pierre Richard
nm0007106	Shakti Kapoor
nm0007113	Nana Patekar
nm0007123	Mammootty
nm0007135	Brad Slaight
nm0007154	Stephen Marcus
nm0007176	Alain Dahan
nm0007182	Alex Cox
nm0007188	Marco Sanchez
nm0007220	Ricardo Cortez
nm0007262	Shaggy 2 Dope
nm0007396	Risto Aaltonen
nm0007464	Joe Aaron
nm0007465	John Aaron
nm0007490	Allan Aarons
nm0007555	Tõnu Aav
nm0007558	Evald Aavik
nm0007625	A.C. Abadie
nm0007664	Byron Abalos
nm0007746	Diego Abatantuono
nm0007767	Paul Vito Abato
nm0007850	Peter Abbay
nm0007914	Lee Abbott
nm0007925	Abdul Malik Abbott
nm0008060	Steve Abbott
nm0008090	Dino Abbrescia
nm0008155	Zaky Fateen Abdel Wahab
nm0008176	Kamel Abdelli
nm0008206	Akbar Abdi
nm0008227	Joe Abdo
nm0008332	Aktan Arym Kubat
nm0008336	Atsushi Abe
nm0008346	Hiroshi Abe
nm0008362	Matthew Abe
nm0008369	Sadao Abe
nm0008384	Tôru Abe
nm0008410	Rodrigo Abed
nm0008454	Ingo Abel
nm0008506	Lionel Abelanski
nm0008533	Alistair Abell
nm0008543	Tim Abell
nm0008556	Rey 'PJ' Abellana
nm0008570	Jorge Enrique Abello
nm0008752	Ulver Skuli Abildgaard
nm0008757	John Abineri
nm0008758	Sebastian Abineri
nm0008787	Simon Abkarian
nm0008826	Theo Caesar
nm0008865	Emile Abossolo M'bo
nm0008867	Ezzat Abu Auf
nm0008870	Yussuf Abu-Warda
nm0008894	Amir AboulEla
nm0008940	Jake Abraham
nm0008973	Richard Abraham
nm0008985	Bruno Abraham-Kremer
nm0009032	Taylor Abrahamse
nm0009183	Ian Abrams
nm0009223	Phil Abrams
nm0009252	Roy Abramsohn
nm0009319	Brad Abrell
nm0009349	Luis Gerónimo Abreu
nm0009368	Josef Abrhám
nm0009486	Tommy Abuel
nm0009494	André Abujamra
nm0009530	Alon Aboutboul
nm0009618	Raymond Accolas
nm0009628	Roberto Accornero
nm0009629	Stefano Accorsi
nm0009636	Thomas Acda
nm0009716	Kirk Acevedo
nm0009730	Toneey Acevedo
nm0009889	Patricio Achurra
nm0009964	Don Ackerman
nm0009969	Forrest J. Ackerman
nm0010073	Alan Ackles
nm0010075	Jensen Ackles
nm0010109	Gerhard Acktun
nm0010172	Carlos Acosta-Milian
nm0010208	Julian Acosta
nm0010244	Sergio Acosta
nm0010271	Francesco Acquaroli
nm0010355	Arthur Acuña
nm0010523	Dietrich Adam
nm0010611	Piotr Adamczyk
nm0010614	Alfredo Adame
nm0010648	Ashot Adamyan
nm0010684	Archi Adamos
nm0010833	Chris McCabe Adams
nm0010891	David Adams
nm0010963	Evan Adams
nm0011002	Guilford Adams
nm0011095	Jonathan Adams
nm0011096	Joseph Adams
nm0011270	Phillip Adams
nm0011726	Walter Addison
nm0011758	Tunde Adebimpe
nm0011803	Jean-Claude Adelin
nm0011815	Josh Adell
nm0011882	Paul Adelstein
nm0011990	Yigal Adika
nm0012078	Scott Adkins
nm0012081	Trace Adkins
nm0012121	Charlie Adler
nm0012376	Frank Adonis
nm0012398	Razaaq Adoti
nm0012432	Bob Adrian
nm0012495	Franck Adrien
nm0012523	Scott Adsit
nm0012586	A.C. Peterson
nm0012602	Frank Aendenboom
nm0012661	Valeriy Afanasev
nm0012668	Terrance Afer-Anderson
nm0012682	Neil Affleck
nm0012685	Alain Afflelou
nm0012715	Walid Afkir
nm0012813	Philippe Agael
nm0012845	Ivan Agapov
nm0012851	Ivan Agar
nm0012881	Mohan Agashe
nm0012888	Toshiya Agata
nm0012902	Sila Agavale
nm0012948	Steve Agee
nm0013487	Antonio Aguilar
nm0013542	Jordi Aguilar
nm0013569	Manuel Aguilar
nm0013634	Jorge Aguilera
nm0013659	Pedro Aguinaga
nm0013670	Alfonso Aguirre
nm0013741	Ramón Agirre
nm0013793	Marvin Agustin
nm0013840	Saikat Ahamed
nm0013887	Curtis Ahenakew
nm0013898	Daniel Ahearn
nm0013927	Tim Ahern
nm0013945	Hori Ahipene
nm0013961	Ossi Ahlapuro
nm0014105	Rafik Ali Ahmad
nm0014122	Mehdi Ahmadi
nm0014133	Paul Ahmarani
nm0014135	Ahmed Ahmed
nm0014215	Nae-sang Ahn
nm0014235	Helmut Ahner
nm0014237	Alfredo Ahnert
nm0014247	Eero Aho
nm0014300	Staffan Ahrenberg
nm0014432	Ricardo Aibéo
nm0014488	Charles Aidikoff
nm0014493	Charles Aidman
nm0014551	Kazuyuki Aijima
nm0014558	Shô Aikawa
nm0014582	Liam Aiken
nm0014609	Troy Aikman
nm0014714	Scott Ainslie
nm0014718	Norman Anstey
nm0014748	Stephen Aintree
nm0014761	Roberto Airaldi
nm0014838	Bruno SX
nm0014873	Harvey Atkin
nm0015001	Ajith Kumar
nm0015060	Hidekazu Akai
nm0015081	Tarik Akan
nm0015121	Ezel Akay
nm0015124	Denis Akiyama
nm0015193	Jeremy Akerman
nm0015287	Javed Akhtar
nm0015382	Adewale Akinnuoye-Agbaje
nm0015445	Fethi Akkari
nm0015459	Nagarjuna Akkineni
nm0015566	Erol Aksoy
nm0015777	Nick Alachiotis
nm0015865	Zak Santiago
nm0015898	Alan
nm0015961	Bernard Alane
nm0016013	Luis Alarcón
nm0016039	Mario Alarcón
nm0016085	Joe Alaskey
nm0016089	Zeki Alasya
nm0016141	Carlos Alazraqui
nm0016175	Juan Alba
nm0016222	Zahim Albakri
nm0016263	Antonio Albanese
nm0016280	Vincenzo Albanese
nm0016332	Damon Albarn
nm0016336	Gerardo Albarrán
nm0016351	Paul Albe
nm0016361	Edward Albee
nm0016371	Sergio Albelli
nm0016428	Carles Alberola
nm0016729	Luís Alberto
nm0016850	Jens Albinus
